Nada;Nada;Nada;Nada;Emo
Nada;Nada;Nada;Nada
Nada;Nada;Nada;Nada
Nada;Nada;Nada;Nada
Nada;Nada;Nada;Nada
Nada;Nada;Nada;Nada
Nada;Nada;Nada;Nada
Nada;Nada;Nada;Nada
Nada;Nada;Nada;Nada
Nada;Nada;Nada;Nada
Nada;Nada;Nada;Nada
Nada;Nada;Nada;Nada
Nada;Nada;Nada;Nada
Nada;Nada;Nada;Nada;Punk
Nada;Nada;Nada;Nada
Nada;Nada;Nada;Nada
Nada;Nada;Nada;Nada
Nada;Nada;Nada;Nada
Nada;Nada;Nada;Nada
Nada;Nada;Nada;Nada
Nada;Nada;Nada;Nada
Nada;Nada;Nada;Nada
Nada;Nada;Nada;Nada
Nada;Nada;Nada;Nada
Nada;Nada;Nada;Nada
Nada;Nada;Nada;Nada
Nada;Nada;Nada;Nada;Emo
Nada;Nada;Nada;Nada
Nada;Nada;Nada;Nada
Nada;Nada;Nada;Nada
Nada;Nada;Nada;Nada
Nada;Nada;Nada;Nada
Nada;Nada;Nada;Nada
Nada;Nada;Nada;Nada
Nada;Nada;Nada;Nada
Nada;Nada;Nada;Nada
Nada;Nada;Nada;Nada
Nada;Nada;Nada;Nada
Nada;Nada;Nada;Nada;Punk
Nada;Nada;Nada;Nada
Nada;Nada;Nada;Nada
Nada;Nada;Nada;Nada
Nada;Nada;Nada;Nada
Nada;Nada;Nada;Nada
Nada;Nada;Nada;Nada
Nada;Nada;Nada;Nada
Nada;Nada;Nada;Nada
Nada;Nada;Nada;Nada
Nada;Nada;Nada;Nada
Nada;Nada;Nada;Nada
Nada;Nada;Nada;Nada;Emo
Nada;Nada;Nada;Nada
Nada;Nada;Nada;Nada
Nada;Nada;Nada;Nada
Nada;Nada;Nada;Nada
Nada;Nada;Nada;Nada
Nada;Nada;Nada;Nada
Nada;Nada;Nada;Nada
Nada;Nada;Nada;Nada
Nada;Nada;Nada;Nada
Nada;Nada;Nada;Nada
Nada;Nada;Nada;Nada
Nada;Nada;Nada;Nada;Punk
Nada;Nada;Nada;Nada
Nada;Nada;Nada;Nada
Nada;Nada;Nada;Nada
Nada;Nada;Nada;Nada
Nada;Nada;Nada;Nada
Nada;Nada;Nada;Nada
Nada;Nada;Nada;Nada
Nada;Nada;Nada;Nada
Nada;Nada;Nada;Nada
Nada;Nada;Nada;Nada
Nada;Nada;Nada;Nada